Lassi,Coffee Powder,Butter,Yougurt,Ghee,Cheese
Ghee,Coffee Powder
Lassi,Tea Powder,Butter,Cheese
Cheese,Tea Powder,Panner,Coffee Powder,Butter,Bread
Cheese,Yougurt,Coffee Powder,Sugar,Butter,Sweet
Sugar,Tea Powder,Ghee,Sweet,Panner,Milk
Sweet,Coffee Powder
Butter,Ghee,Panner
Sweet,Tea Powder,Butter,Yougurt,Sugar,Cheese
Panner,Ghee
Milk,Panner,Tea Powder,Sweet,Bread
Ghee,Coffee Powder,Milk,Yougurt,Lassi,Sugar,Butter,Panner
Butter,Coffee Powder,Panner,Sweet,Ghee,Lassi
Bread,Lassi,Coffee Powder,Tea Powder,Sweet,Ghee,Sugar,Panner
Milk,Sweet,Butter,Sugar,Lassi,Panner
Bread,Coffee Powder,Tea Powder
Butter,Ghee,Milk,Cheese
Bread,Coffee Powder
Cheese,Tea Powder,Sweet,Lassi,Coffee Powder,Sugar
Panner,Lassi,Butter,Cheese,Yougurt,Tea Powder,Milk
Coffee Powder,Cheese,Tea Powder,Yougurt,Sugar
Lassi,Ghee,Cheese,Sweet,Coffee Powder,Bread
Coffee Powder,Panner,Butter,Ghee,Tea Powder,Yougurt
Yougurt,Sweet,Milk,Butter,Coffee Powder,Lassi
Sugar,Coffee Powder,Milk,Butter,Cheese,Yougurt
Lassi,Yougurt,Ghee,Cheese,Butter,Milk,Panner
Panner,Yougurt,Sugar,Coffee Powder,Milk,Cheese
Panner,Milk,Sweet
Bread,Coffee Powder
Sweet,Cheese
Yougurt,Bread,Tea Powder,Coffee Powder
Lassi,Sweet,Panner
Milk,Butter,Bread,Tea Powder,Panner,Ghee
Butter,Cheese,Panner,Sugar
Cheese,Yougurt,Sugar,Bread,Butter,Panner
Lassi,Bread,Panner,Milk
Ghee,Bread,Cheese,Sugar,Coffee Powder,Sweet,Yougurt,Lassi
Bread,Yougurt,Ghee,Tea Powder,Panner,Milk,Lassi,Coffee Powder
Sugar,Milk,Butter,Ghee,Cheese
Cheese,Panner,Sugar,Yougurt,Ghee
Sweet,Panner,Bread
Coffee Powder,Milk,Bread
Cheese,Lassi,Coffee Powder,Tea Powder,Bread,Panner,Butter
Cheese,Tea Powder,Milk,Yougurt,Ghee
Sugar,Yougurt,Bread,Butter,Ghee,Milk,Lassi
Butter,Tea Powder,Cheese,Yougurt,Bread,Ghee,Coffee Powder
Sugar,Milk
Sweet,Butter
Yougurt,Bread,Sweet
Cheese,Coffee Powder,Butter,Sugar,Panner,Bread,Lassi,Tea Powder,Ghee
Yougurt,Panner,Butter,Lassi,Sugar,Bread,Tea Powder,Milk
Butter,Lassi
Sugar,Panner,Tea Powder,Sweet,Coffee Powder,Cheese,Lassi,Milk,Butter
Lassi,Butter
Coffee Powder,Butter,Ghee
Lassi,Butter,Bread,Ghee,Coffee Powder
Butter,Sugar,Yougurt
Lassi,Butter
Ghee,Bread,Cheese,Lassi,Tea Powder,Coffee Powder,Sweet,Butter
Panner,Milk,Bread,Yougurt
Panner,Tea Powder
Bread,Panner
Yougurt,Sugar,Sweet,Ghee,Bread,Butter,Coffee Powder,Lassi,Tea Powder,Milk,Panner
Tea Powder,Sweet,Lassi,Ghee
Lassi,Coffee Powder,Sugar
Cheese,Sugar,Tea Powder,Butter
Bread,Yougurt,Milk,Panner,Sweet,Tea Powder,Cheese
Bread,Ghee,Yougurt,Milk,Coffee Powder
Coffee Powder,Butter,Lassi,Ghee
Lassi,Bread,Coffee Powder,Milk,Sugar
Ghee,Milk,Coffee Powder,Yougurt,Sweet
Coffee Powder,Tea Powder,Panner,Sweet,Ghee,Milk,Sugar
Lassi,Bread,Panner,Tea Powder,Milk
Ghee,Butter,Tea Powder,Bread,Sweet,Sugar,Yougurt
Tea Powder,Panner,Coffee Powder
Milk,Butter,Tea Powder,Sugar,Sweet
Coffee Powder,Milk,Yougurt,Cheese,Tea Powder,Sugar,Bread
Coffee Powder,Lassi,Panner,Bread,Butter,Tea Powder
Cheese,Bread,Sugar,Sweet,Milk,Coffee Powder
Butter,Ghee,Sugar
Sugar,Yougurt,Coffee Powder,Butter,Sweet
Panner,Ghee
Sweet,Lassi,Ghee,Coffee Powder,Sugar,Butter
Tea Powder,Butter,Sugar
Tea Powder,Coffee Powder,Cheese,Milk,Lassi
Panner,Lassi,Butter,Coffee Powder
Butter,Sugar,Lassi,Panner
Milk,Cheese,Panner,Coffee Powder,Sweet
Panner,Tea Powder,Lassi,Yougurt,Coffee Powder,Bread,Cheese,Ghee
Butter,Panner,Coffee Powder,Sweet,Lassi
Lassi,Cheese,Panner,Bread,Ghee,Milk,Sweet,Sugar
Ghee,Yougurt,Coffee Powder,Panner
Coffee Powder,Yougurt,Ghee,Cheese,Bread
Lassi,Tea Powder,Panner,Butter,Sweet
Milk,Sweet,Butter,Cheese,Tea Powder,Panner
Tea Powder,Lassi,Coffee Powder,Cheese,Butter,Sugar,Sweet,Milk
Sweet,Bread,Coffee Powder,Cheese,Yougurt,Ghee,Tea Powder,Milk
Yougurt,Milk,Bread,Butter,Lassi,Cheese,Sweet
Yougurt,Milk,Butter
Tea Powder,Bread,Sweet,Cheese